year,movieid,adj,noun
2005,9981,10-year,son
1973,54001,10-year-old,boy
1974,54001,10-year-old,boy
1985,16248,10-year-old,boy
1991,68430,10-year-old,boy
2011,71676,10-year-old,boy
1995,51184,10-year-old,child
2020,615177,11-year-old,son
2006,9388,12-year,son
2000,33504,12-year-old,boy
2000,48130,12-year-old,boy
2007,15356,12-year-old,boy
2012,73723,12-year-old,boy
2018,399174,12-year-old,boy
2018,517814,12-year-old,boy
2019,524251,12-year-old,boy
1976,13549,12-year-old,son
1988,27352,12-year-old,son
1992,32635,12-year-old,son
2001,11456,12-year-old,son
2012,98548,12-year-old,son
2017,429174,12-year-old,son
1986,63691,13-year-old,boy
1988,2280,13-year-old,boy
2012,84287,13-year-old,boy
1978,4267,13-year-old,son
2013,82700,13-year-old,son
2019,514439,14-year-old,boy
1979,30636,15-year-old,son
2002,9685,17-year-old,boy
2015,223485,17-year-old,boy
1998,1075,17-year-old,son
2011,38322,17-year-old,son
2011,48340,17-year-old,son
2018,507505,19-year-old,boy
2003,38970,19-year-old,son
2011,40807,27-year-old,guy
1981,13665,30-year-old,child
1999,30943,3-year-old,son
2008,14072,40-ish,man
2013,206408,40-year-old,father
1996,7095,40-year-old,man
2018,475215,4-year,boy
2014,236751,4-year,son
2020,651881,50-year-old,man
2005,1963,60-year,man
1971,36040,6-year-old,son
1997,46187,6-year-old,son
2000,17208,8-year-old,boy
2001,1734,8-year-old,son
2004,10145,8-year-old,son
1976,3935,9-month-old,son
2005,1986,9-year-old,boy
2012,80389,9-year-old,boy
2015,318781,abducted,boyfriend
2011,63197,abducted,child
1978,69069,aboriginal,man
1993,19552,absent,husband
1970,62675,absent-minded,man
1973,39889,abused,boy
1995,18256,abused,child
1977,81462,abused,child
1995,46725,abused,child
1995,46725,abused,child
2015,314365,abused,child
1985,164249,abusive,boyfriend
1988,36778,abusive,boyfriend
1992,24065,abusive,boyfriend
1974,10311,abusive,father
1985,873,abusive,father
1986,33278,abusive,father
2012,81446,abusive,father
2014,157847,abusive,father
1970,4266,abusive,husband
1970,20528,abusive,husband
1977,365279,abusive,husband
1980,75552,abusive,husband
1992,5237,abusive,husband
1995,11929,abusive,husband
2000,2046,abusive,husband
2000,742,abusive,husband
2008,14098,abusive,husband
2021,667257,abusive,husband
1977,37749,abusive,men
1992,10906,abusive,stepfather
2006,7304,abusive,stepfather
2011,23629,abusive,stepfather
1971,6619,adolescent,boy
2011,50780,adolescent,son
2016,342737,adolescent,son
1992,9361,adopted,son
2001,9606,adopted,son
2018,425505,adoptive,brother
2011,57331,adoptive,father
2001,10757,adoptive,son
2008,14400,adoptive,son
2005,9709,adulterous,father
1985,10552,adulterous,man
1974,34052,adventurous,boy
2017,407445,adventurous,man
2010,57243,affluent,man
2005,868,african,boy
2000,711,african,man
2006,2016,african,men
2016,393457,african-american,father
1991,29475,african-american,men
1998,73,african-american,men
2003,12253,african-american,men
2014,184352,aggressive,brother
1982,11704,ailing,son
2019,512263,alcohol-abusing,father
1973,55418,alcoholic,father
1998,22797,alcoholic,father
2006,7510,alcoholic,father
1994,527,alcoholic,husband
2009,21634,all-american,boy
2007,12171,all-american,guy
1979,21887,alpha,male
1973,97519,ambitious,brother
1992,69896,ambitious,man
2006,9794,ambitious,men
1989,65157,american,boy
1993,9261,american,boyfriend
1972,42458,american,man
1973,42458,american,man
1986,383,american,man
1997,9406,american,man
2000,711,american,man
2005,340,american,man
2010,7978,american,man
1979,52055,amiable,man
1973,54001,amoral,boy
1974,54001,amoral,boy
1970,122268,amoral,man
2017,399055,amphibious,man
1992,34683,androgenic,boyfriend
1970,5227,angry,father
2015,280996,angry,husband
1984,35574,angry,man
2021,643532,angry,man
2010,51170,annual,guy
1982,50873,annual,men
1983,56784,apathetic,man
1977,39412,architect,husband
2018,401545,argentinian,husband
2002,8439,armed,man
1993,31000,armed,men
2011,38117,arrogant,man
2004,9393,ascetic,son
1992,11287,athletic,men
1996,49471,at-risk,son
2006,6877,attractive,man
1977,14302,australian,boy
1999,17707,australian,man
1983,2193,authoritarian,father
2015,335051,authoritarian,father
1973,39889,autistic,boy
1994,39473,autistic,boy
1998,8838,autistic,boy
1988,27814,average,guy
2010,27022,average,guy
1977,54561,average,man
1979,583,average,man
1987,51521,awful,guy
1971,69321,awkward,male
1980,37767,awkward,man
1980,39415,bad,boy
1989,21799,bad,boy
1993,14135,bad,boy
1999,4951,bad,boy
2004,56903,bad,boy
1971,52761,bad,boy
2003,16941,bad,boy
1992,30963,bad,dude
1982,2644,bad,guy
1991,36934,bad,guy
1998,104,bad,guy
1999,2112,bad,guy
1999,27653,bad,guy
2000,462,bad,guy
2018,404368,bad,guy
1970,9394,bad,guy
1971,65594,bad,guy
1971,65594,bad,guy
1973,30708,bad,guy
1974,54008,bad,guy
1977,38802,bad,guy
1979,57926,bad,guy
1979,37598,bad,guy
1983,38219,bad,guy
1985,18707,bad,guy
1986,66212,bad,guy
1988,562,bad,guy
1988,17006,bad,guy
1990,1727,bad,guy
1990,27994,bad,guy
1991,22434,bad,guy
1991,27994,bad,guy
1991,68773,bad,guy
1993,12574,bad,guy
1997,38153,bad,guy
2004,13700,bad,guy
2008,7446,bad,guy
2014,102382,bad,guy
2018,383498,bad,guy
1996,9431,bad-boy,brother
2003,49878,bastard,son
2009,18320,belgian,uncle
1991,39233,beloved,father
1998,32911,beloved,grandfather
2008,25050,beloved,son
2016,364116,beloved,son
1999,16162,best,man
2005,6961,best,man
2006,1819,best,man
2015,252838,best,man
2015,252838,best,man
2017,353569,best,man
2011,85435,best,men
2015,252838,best,men
1995,22625,best-looking,boy
2010,57243,better,man
1991,37137,big,boy
1984,31401,big,brother
1985,31401,big,brother
1991,53027,big,brother
2000,15489,big,brother
2002,9685,big,brother
2018,437586,big,brother
2018,475215,big,brother
2020,497582,big,brother
2002,9021,big,guy
1993,13064,big,guy
1992,14684,big,man
1987,41903,big-hearted,man
1982,31646,biochemist,boyfriend
1971,40350,biological,father
1998,22796,biological,father
2008,11631,biological,father
2018,458423,biological,father
2019,522938,biological,father
2013,177945,biological,son
2004,9833,bitter,man
2016,410117,bitter,man
1988,32075,black,boy
1989,32075,black,boy
1971,5822,black,male
1970,85255,black,man
1972,28650,black,man
1974,77765,black,man
1975,56539,black,man
1986,52657,black,man
1991,1713,black,man
1991,41791,black,man
1993,162503,black,man
1995,9061,black,man
1996,1645,black,man
2009,13975,black,man
2013,76203,black,man
2019,536743,black,man
1990,71853,black,men
2004,12153,black,men
1975,11326,blind,boy
1978,113597,blind,boy
1989,11185,blind,man
2016,300669,blind,man
1997,56783,blue-collar,father
2016,326423,bonding,male
2013,129670,booze-addled,father
1970,28476,bored,boy
1972,360627,boring,husband
2005,9709,born-again,brother
1982,25872,boy,fights
1978,66946,boys,come
1982,23805,bratty,son
2015,321697,brilliant,man
2002,11892,brilliant,men
2001,36269,british,boy
2009,24869,broken,father
1996,26689,brutal,husband
1997,26689,brutal,husband
1996,39434,brutal,man
2002,7090,brutish,father
1991,9585,brutish,husband
1971,994,brutish,men
1973,78076,bulletproof,guy
2010,41402,bullied,boy
1995,11860,business-focused,brother
1975,70810,cannibalistic,son
1992,9475,cantankerous,man
2014,262551,capricious,child
1976,139349,carny,boyfriend
2014,226857,charismatic,boy
2012,113082,charismatic,man
2016,366514,charming,man
2000,3981,chauvinistic,guy
1994,20678,childlike,man
1991,441120,chinese,gentleman
1985,31410,choleric,man
2005,1986,christian,boy
2004,13193,christian,boyfriend
2005,9709,christian,brother
2009,18781,clairvoyant,son
1993,16130,classiest,man
1978,31542,clever,child
1991,1915,clever,guy
1981,32480,clever,man
2017,455661,closeted,boy
1995,38414,clueless,men
1972,121743,clumsy,knight
2013,77805,coercive,husband
2002,29339,coldheartedly,uncle
2002,13163,commitment-averse,man
2005,11604,common,man
2009,11323,common,man
1970,10237,con,man
1987,26719,con,men
1999,497,condemned,man
2010,42888,corporate,guy
1976,42234,correct,gentleman
1991,29811,courageous,man
1988,38909,courteous,gentleman
2005,6957,co-workers,male
1976,49304,crazed,father
1970,69058,crippled,son
1980,214181,current,boyfriend
2001,36269,cute,boy
2002,39227,cute,guy
2002,54005,cuter,guy
1994,40751,cynical,man
2009,22949,dad,uncle
1986,13715,dangerous,man
2008,16353,dangerous,man
1984,32088,dead,brother
1975,27706,dead,child
2016,364116,dead,child
1989,118670,dead,father
1971,53045,dead,father
1985,7011,dead,father
1989,55377,dead,father
1995,26300,dead,father
2004,10740,dead,husband
2008,14098,dead,husband
2021,672741,dead,husband
1975,9652,dead,man
1975,76347,dead,man
1989,78065,dead,man
1991,31633,dead,man
1991,26850,dead,man
2000,11477,dead,man
2010,44982,dead,man
1970,79717,dead,son
1972,42487,dead,son
1997,754,dead,son
2004,8981,deaf,son
1985,10014,deceased,child
2002,10611,deceased,father
1990,26914,deceased,grandfather
1989,9942,deceased,husband
1995,47002,deceased,man
2003,12487,deceased,man
2002,2022,deceased,uncle
2009,12556,deceased,uncle
1980,1955,deformed,man
1983,70084,deformed,man
1992,364,deformed,man
1983,44859,demented,son
1986,56705,demented,son
1979,54013,demonic,child
2021,727293,demonstrative,father
2010,20352,deplorable,guy
1970,67974,depraved,boyfriend
1999,42881,depressed,father
2003,337,depressed,man
2008,10362,depressed,man
1989,56669,deranged,man
2018,475210,desperate,father
1996,23945,desperate,man
1975,20017,detached,man
2015,280996,detective,son
2001,9606,detective,uncle
1984,4274,determined,man
1992,69896,determined,man
2000,98,devious,son
2015,348892,devoted,man
1978,11778,different,men
1986,27995,different,men
2004,12877,dimwitted,brother
2003,13573,disabled,boy
2005,12700,disabled,boy
1981,30931,disabled,man
1989,46786,disabled,man
1996,12498,disabled,man
2003,25516,disabled,man
1987,85160,disabled,son
1979,96424,diseased,uncle
2002,10133,disenchanted,man
2013,78383,dishonest,men
2004,5528,disruptive,boy
1978,2813,dissolute,men
1999,404,distant,brother
1997,43429,distant,father
2007,14748,distressed,child
1973,79181,disturbed,boy
1989,183,disturbed,brother
1978,115867,disturbed,man
1982,69870,disturbed,man
1989,21799,disturbed,man
2002,9613,disturbed,man
2019,450465,disturbed,man
2011,71859,disturbed,son
1988,32033,divorced,father
1994,10486,divorced,father
2001,11456,divorced,father
1998,42674,divorced,husband
2009,52124,divorced,man
1987,2039,doltish,boyfriend
1985,10157,doltish,boy
2006,10025,down-and-out,man
2008,10202,down-on-his-luck,guy
2010,20352,downright,guy
2000,92208,dreamy,boyfriend
1973,47582,driven,man
1991,441127,drowned,man
1977,84898,drowned,son
2001,11091,drug-addicted,father
1982,20980,drug-addicted,male
1971,34462,drug-dealer,boyfriend
1970,46691,drug-dealing,boyfriend
2000,742,drunken,husband
1999,4806,drunken,man
1975,11326,dumb,boy
2012,64689,dumb,guy
2020,590854,duplicitous,man
2021,633515,dutch,boy
2000,4967,dynamic,men
2007,5956,eccentric,boy
1990,39062,eccentric,father
2006,9992,eccentric,grandfather
1993,4104,eccentric,man
2008,18032,eccentric,uncle
2012,77174,eccentric,uncle
2015,256962,eight-year-old,boy
1974,21489,elderly,man
1975,219814,elderly,man
1987,39895,elderly,man
2011,55725,elderly,man
2014,227156,elderly,man
2015,238615,elderly,man
2015,302528,elderly,man
2020,689723,elderly,man
2021,779047,elderly,man
1976,38323,eldest,child
1983,42113,eldest,son
1998,309,eldest,son
2005,32390,eldest,son
2008,25050,eldest,son
2011,8967,eldest,son
2011,80767,eldest,son
2013,244516,eldest,son
1995,6715,eleven-year-old,boy
2010,51991,emotional,man
2001,6440,emotionally-beaten,man
1977,25639,engineered,man
1978,25639,engineered,man
1977,22815,english,boy
1985,147747,enigmatic,man
2004,24653,enigmatic,man
2006,18615,enigmatic,man
2018,491584,enigmatic,man
1976,42234,erotic,man
2005,6961,escort,male
2013,238628,estonian,man
2010,59468,estranged,child
1977,19050,estranged,father
1986,13715,estranged,father
2003,12146,estranged,father
2006,10093,estranged,father
2007,4688,estranged,father
2014,124905,estranged,father
1980,79823,estranged,husband
1986,31924,estranged,husband
1987,61178,estranged,husband
1994,19155,estranged,husband
1987,82085,estranged,son
1997,43429,estranged,son
2003,11042,estranged,son
2008,14326,estranged,son
2011,39254,estranged,son
2013,134411,estranged,son
2013,129670,estranged,son
2014,253235,estranged,son
2015,241554,estranged,son
2017,271404,estranged,son
2020,613377,eternal,man
1997,39780,evangelistic,father
2010,45132,everyday,guy
2012,80035,everyday,guy
2013,87516,everyday,man
1995,2086,every-day,man
1991,27549,evil,brother
1988,29095,evil,men
1994,43643,evil,men
1976,30788,evil,uncle
1989,11361,evil,uncle
1992,11597,evil,uncle
2004,14442,evil,uncle
1976,42551,ex,husband
1998,1618,ex,man
1981,53074,exceptional,child
2004,693,ex-cia,man
1974,74143,exciting,guy
1972,82465,exclusive,boy
1987,18305,ex-con,brother
2016,338766,ex-con,brother
2014,244509,ex-con,father
1986,11300,ex-con,husband
1977,106876,ex-military,man
2008,8681,ex-spy,father
2000,12509,extraordinary,man
1997,17834,fairy,male
1970,9554,faithful,son
1983,30707,famous,men
2009,19556,famous,men
2001,12149,fanatic,father
1977,42229,fascist,husband
1981,19317,fashion-conscious,brother
2006,9718,fastest,man
1978,31214,father,figure
2021,571468,father,figure
2021,727293,fatherless,boy
2010,39451,favorite,male
2009,21634,favorite,son
1990,10837,favorite,uncle
2012,117691,feared,man
2020,613377,fearful,man
1972,42759,fearless,man
2013,130150,fearsome,man
1986,51257,fed-up,father
1975,91471,fellow,man
1970,1627,feral,boy
1971,59408,fifteen-year-old,boy
2019,491283,fifth,husband
1999,550,fighter,male
2016,408033,first,boy
1979,42164,first,child
1993,41659,first,child
1998,17941,first,child
2002,1957,first,child
2021,739413,first,child
2021,424277,first,child
1975,39282,first,husband
1983,42108,first,husband
1996,12606,first,husband
1970,72881,first,man
1977,66759,first,man
1982,27273,first,man
2018,369972,first,man
1982,41889,firstborn,child
2016,334543,five-year-old,boy
2007,5876,five-year-old,son
1987,6069,flamboyant,man
1994,21029,foetal,child
1984,30438,foolish,son
1994,11593,forgotten,son
1976,64983,former,boyfriend
1993,42580,former,child
1977,5481,former,husband
1986,29355,former,husband
1998,26269,former,husband
2004,10740,former,husband
2000,1597,formidable,father
1994,24795,foster,child
1976,31405,foster,son
1976,31405,foster,son
2016,291870,foul-mouthed,grandfather
1973,26196,framed,boyfriend
2010,41283,free,man
2013,76203,free,man
2011,38543,free,men
1996,31146,free-spirited,man
1979,20813,french,boy
1999,54004,french,boy
2003,1278,french,brother
1989,38695,french,man
2016,377263,french,man
2003,51163,friend,male
1994,9587,friend,male
1999,1443,friend,male
1982,11340,friendly,man
1998,1618,front,man
2016,393457,frustrated,father
2009,22803,frustrated,man
1988,43645,fun-loving,man
1987,801,funny,man
2013,209263,funny,man
1995,397,future,husband
2000,1831,gay,man
2014,298729,gay,man
1970,34377,gay,men
1974,84209,gay,men
1978,4484,gay,men
1981,76821,gay,men
1994,159,gay,men
1987,13446,gay,uncle
2001,12589,genius,boy
1983,23096,gentle,man
2019,515001,german,boy
1999,42881,german,father
1997,9524,german,male
1985,44191,get-nowhere,boy
1985,23614,gifted,boy
2021,438631,gifted,man
2021,823855,global,child
1976,2459,good,father
2003,9582,good,guy
2011,82690,good,guy
2011,50479,good,guy
2012,82690,good,guy
2015,271718,good,guy
1973,21537,good,guy
1982,2644,good,guy
1987,26477,good,guy
1991,22434,good,guy
2008,13652,good,guy
1982,2861,good,husband
1995,21183,good,husband
2014,190859,good,husband
1977,24032,good,man
1981,37765,good,man
1983,236041,good,man
1995,31357,good,man
2003,34196,good,man
1971,11945,good-hearted,child
1995,39767,goofy,man
2010,32856,grade-school,boy
2002,29339,grasping,uncle
1998,9458,gravely,son
1992,51806,great,child
1981,11027,greek,husband
1996,75,green,men
2018,511785,gregarious,dude
1982,16441,grown,man
2007,2082,grown,man
1975,5602,grown-up,son
1986,307020,guilt,guy
2014,240916,guilty,man
1977,106876,gung-ho,man
2001,11090,half,man
2018,297802,half-atlantean,brother
1998,62589,half-breed,son
1998,36647,half-mortal,man
2016,408033,handsome,guy
1970,160610,handsome,man
1976,42234,handsome,man
1984,48482,handsome,man
1996,8866,handsome,man
1997,1902,handsome,man
1997,19601,handsome,man
2002,35265,handsome,man
2002,12112,handsome,man
1988,2210,handsome,men
1977,48346,hapless,husband
1978,48346,hapless,husband
1993,39915,hapless,man
2006,19955,happy,guy
1995,51184,happy-go-lucky,child
2003,17473,happy-go-lucky,guy
1998,1363,hard-living,men
2004,693,hard-to-crack,man
1983,57978,headstrong,man
2017,166426,headstrong,man
2015,238615,healthy,man
1991,159704,heir,male
1985,47908,hen-pecked,son
1994,159,heterosexual,man
1995,56332,high-school,boy
1996,56332,high-school,boy
1976,79194,holy,man
1993,2019,homeless,men
1984,68757,homicidal,boy
2013,152532,homophobic,man
1972,71138,horny,male
1973,5482,hostage,child
1974,5482,hostage,child
2000,10637,hostile,men
2012,84199,hot,boyfriend
2018,454983,hottest,boy
1992,13225,human,boy
2010,51739,human,boy
2002,10996,human,brother
2018,407436,human,child
2009,1450,human,father
1987,21453,human,male
2003,15394,humorous,man
2004,11025,hunkalicious,guy
2012,64635,hunted,man
2013,170354,ignorant,boy
1997,11975,ill,boy
1972,80841,ill,brother
1973,80841,ill,brother
1982,27150,ill,man
2013,158445,ill,man
1998,9458,ill,son
1971,14257,illegitimate,child
1978,80507,illegitimate,son
1978,108016,illegitimate,son
1993,46828,illegitimate,son
1997,17139,illegitimate,son
1995,48750,illiterate,man
1992,47648,illiterate,son
2002,245,imaginary,son
1992,11139,imaginative,boy
1985,18763,impaired,brother
1993,1587,impaired,brother
2002,13098,impressionable,man
2003,10009,impulsive,boy
1971,42514,inattentive,husband
1995,40156,incestuous,father
1994,10462,incompetent,son
1976,11482,inconspicuous,man
2012,87827,indian,boy
2016,334543,indian,boy
2020,617708,indignant,man
1984,68946,inept,father
2019,525661,infamous,man
2015,312831,infant,child
1987,40962,infant,son
1994,18670,infant,son
2005,10214,infant,son
1978,29530,influential,men
2017,336000,ingenious,father
1986,26725,injured,man
1970,77165,innocent,man
1971,21242,innocent,man
1985,68,innocent,man
2009,16258,innocent,man
1970,62843,innocent,men
2006,34588,insensitive,man
1974,40435,inside,man
1975,40435,inside,man
1999,550,insomniac,salesman
1970,26525,intellectual,boy
1989,41946,intellectual,son
1990,46959,intelligent,child
1998,9821,intelligent,guy
2005,11604,intelligent,man
2020,526007,intelligent,man
2003,13156,introverted,boy
1977,37258,inwardly-timid,father
1997,56783,irascible,father
1990,21433,irresistible,man
1994,24795,irresponsible,father
1983,2304,isolated,man
1996,14553,italian,boy
1999,10368,italian,boy
1978,151024,italian,male
1970,8416,italian,man
2001,43557,italian,men
1979,105667,jamaican,man
2005,1904,japanese,child
1992,16314,japanese,grandfather
2016,291351,japanese,man
1970,64719,japanese,men
1994,34152,jazz-musician,husband
1981,58403,jealous,boyfriend
1988,39422,jealous,boyfriend
1990,24249,jealous,boyfriend
1987,16620,jealous,brother
1970,54283,jealous,husband
1980,52877,jealous,husband
1981,31921,jealous,husband
1986,32060,jewish,boy
1990,8996,jewish,boy
1993,57250,jewish,boy
2000,48130,jewish,boy
1975,108703,jewish,boy
1970,92283,jewish,man
1974,21489,jewish,man
1976,58925,jewish,man
1979,583,jewish,man
2005,340,jewish,man
1987,39929,jilted,boyfriend
2009,15472,journalist,male
2020,545609,kidnapped,son
1972,49361,killings,child
1996,13997,klutzy,brother
1972,30901,knife-wielding,man
1989,31863,korean,man
2010,57361,korean,man
2013,116741,laid-off,men
2001,10646,last,man
2004,613,last,man
2009,24056,last,man
2013,199534,last,man
1975,87774,late,brother
1970,42569,late,father
1970,42596,late,father
1977,56132,late,father
1979,197467,late,father
1992,11597,late,father
1992,11790,late,father
1993,21845,late,father
1998,18937,late,father
2003,10929,late,father
2011,44826,late,father
2011,79707,late,father
2018,497814,late,father
2020,612706,late,father
1988,4281,late,husband
2000,2360,late,husband
2007,6023,late,husband
1973,93289,lazy,guy
1983,56784,lazy,man
1992,26670,lead,male
2003,1088,lead,male
2012,142320,leading,man
1980,39415,leather-clad,boy
2005,9813,lecherous,father
1983,232,legendary,brother
2001,5764,legendary,father
2005,74,less-than-perfect,father
1990,71853,libidinous,men
2013,209263,like-minded,man
1970,98491,little,boy
1971,11945,little,boy
1974,166709,little,boy
1984,68757,little,boy
1989,22611,little,boy
1991,41789,little,boy
1994,14334,little,boy
1998,45242,little,boy
1998,24858,little,boy
2000,1831,little,boy
2006,4257,little,boy
2015,256962,little,boy
2019,484437,little,boy
1970,119614,little,brother
1987,34101,little,brother
2000,327,little,brother
2000,92208,little,brother
2010,37950,little,brother
2010,53457,little,brother
2011,60307,little,brother
2012,82679,little,brother
2016,345911,little,brother
2020,542224,little,brother
1992,87321,little,child
1973,62867,little,guy
1973,62867,little,guy
1974,30576,little,man
2006,21427,little,man
1978,11055,little,son
1996,10546,little,son
2002,12448,little,son
1977,14741,live-in,boyfriend
1971,11945,lively,boy
1985,11532,living,boy
2005,4348,living,gentleman
1991,30815,loathsome,man
1991,17474,local,boy
1991,20978,local,boy
2001,26602,local,boy
2018,395841,local,boy
1985,15982,local,boy
2015,320007,local,guy
2010,43947,local,rowdy
2010,43947,local,male
1993,713,local,man
2006,1581,local,man
1972,42476,lonely,boy
1977,14302,lonely,boy
1982,23805,lonely,boy
1987,14499,lonely,boy
1992,49956,lonely,boy
1997,20737,lonely,boy
2007,54318,lonely,boy
2013,204668,lonely,boy
2019,515001,lonely,boy
2020,571384,lonely,boy
2008,14072,lonely,man
2009,22051,lonely,man
2017,396493,lonely,men
1982,123201,long,son
2010,38368,long,son
1991,41781,long,uncle
1994,11593,long-,son
2001,9880,long-absent,father
2009,21191,long-estranged,father
1979,40420,long-lost,brother
1991,20645,long-lost,brother
2020,651881,long-lost,child
1974,42453,long-lost,son
2001,11086,long-lost,son
1975,61703,longstanding-but-married,boyfriend
1988,26355,long-term,boyfriend
2013,212716,longtime,boyfriend
2005,10214,looney,child
1995,43612,lost,husband
1982,123201,lost,son
1988,21185,lost,son
2010,38368,lost,son
1991,41781,lost,uncle
2000,10471,lottery-winner,uncle
1992,619,love-averse,guy
1972,70718,loving,husband
2014,97020,loving,husband
2008,13635,loyal,son
1994,27066,lucky,man
1970,49800,mad,brother
2019,487297,male,colleagues
1992,10241,male,companionship
1982,12614,male,female
1978,85188,malevolent,man
1979,85188,malevolent,man
1987,25155,mannered,man
1971,98050,many,men
1995,9691,marked,man
1971,24349,married,boyfriend
1984,40061,married,boyfriend
2018,467938,married,boyfriend
1971,76200,married,man
1972,42458,married,man
1973,42458,married,man
1974,130647,married,man
1981,116997,married,man
1987,10998,married,man
1991,1713,married,man
2002,12112,married,man
2004,421,married,man
2006,2266,married,man
2011,49520,married,man
2014,250235,married,man
1985,37929,masked,men
1974,1559,masochistic,husband
1985,403587,maternal,grandfather
1987,20473,mechanical,boy
2003,13920,mentally-challenged,man
1979,41377,merciless,brother
1980,41377,merciless,brother
1973,11886,merry,men
1991,27816,merry,men
1990,39062,middle,child
1996,11446,middle,child
1980,60816,middle-aged,husband
1973,5482,middle-aged,man
1974,5482,middle-aged,man
1977,54561,middle-aged,man
1978,115867,middle-aged,man
1979,54663,middle-aged,man
1992,9475,middle-aged,man
1995,39767,middle-aged,man
1997,30020,middle-aged,man
2002,20719,middle-aged,man
2004,43561,middle-aged,man
2004,9675,middle-aged,men
1991,11846,middle-class,man
1987,25155,mild,man
2018,395990,mild-mannered,father
2007,9757,mild-mannered,guy
2001,11178,mild-mannered,man
1976,51857,military,father
2006,9615,military,father
1989,27461,military,man
1995,47018,military,man
1994,24405,military,men
1995,45325,mischievous,boy
1998,45242,mischievous,boy
2015,266647,mischievous,boy
1975,53205,mischievous,brother
1978,11230,mischievous,man
1995,27098,miserable,husband
2001,9398,model,male
2001,9398,model,male
1973,74948,modern,man
1974,74948,modern,man
2006,21427,modest,man
2015,323020,monogamous,father
1984,15239,mop,boy
2006,1164,moroccan,boy
2011,37958,mortal,man
2013,106747,mortal,man
1979,41554,most,man
1993,44562,mourning,son
2003,10159,mouthy,son
1981,64252,much,man
2014,250235,much,man
2015,228205,much,man
2015,181283,murder,child
1976,11558,murdered,man
1995,1408,murderous,uncle
1975,36685,muscular,man
1982,37917,musician,uncle
1977,985,mutant,child
1999,4951,mysterious,boy
2011,79707,mysterious,boy
2016,283378,mysterious,boy
2012,82990,mysterious,child
2000,10391,mysterious,husband
1970,92233,mysterious,man
1971,30689,mysterious,man
1974,33801,mysterious,man
1975,115131,mysterious,man
1987,6069,mysterious,man
1987,46767,mysterious,man
1990,2612,mysterious,man
1991,70984,mysterious,man
1995,8512,mysterious,man
1995,48781,mysterious,man
2000,92208,mysterious,man
2003,14527,mysterious,man
2006,12526,mysterious,man
2013,179826,mysterious,man
2016,377263,mysterious,man
2017,468198,mysterious,man
2019,513409,mysterious,man
2020,505225,mysterious,man
2017,437109,mysterious,men
2003,9976,naÃ¯ve,boy
1999,61930,naive,guy
2010,44982,naive,man
1994,14334,naked,boy
1978,30888,naked,man
1986,13766,nasa-employed,husband
1996,41852,natural,son
1977,24032,natured,man
1979,21666,naval,husband
1976,19971,neighbor,boy
2020,438396,nerdy,man
2001,10950,neurodivergent,man
1972,4579,new,boy
2000,33504,new,boy
2011,74018,new,boy
1976,108949,new,boyfriend
1982,72574,new,boyfriend
1990,7974,new,boyfriend
1991,41805,new,boyfriend
1991,48636,new,boyfriend
1992,11790,new,boyfriend
2000,1609,new,boyfriend
2008,12182,new,boyfriend
2009,19904,new,boyfriend
2009,24469,new,boyfriend
2011,49950,new,boyfriend
2020,500840,new,boyfriend
2020,654028,new,boyfriend
2020,706510,new,boyfriend
1994,13375,new,brother
1982,16441,new,father
1996,2074,new,father
1985,28410,new,guy
2008,14859,new,guy
1974,24402,new,husband
1986,35634,new,husband
1992,20763,new,husband
2000,10391,new,husband
2005,74,new,husband
2011,50837,new,husband
1975,115131,new,man
2017,412105,new,man
1994,10451,new,men
1976,794,new,son
2001,11456,new,stepfather
2002,14008,new,stepfather
2009,21474,new,stepfather
1998,21348,newborn,boy
1990,32043,newborn,child
2020,508442,newborn,child
2005,11490,newborn,son
2012,118406,newborn,son
2015,310131,newborn,son
2008,12890,next,guy
2007,10030,next,man
1971,29069,nice,guy
1984,12309,nice,guy
1992,39883,nice,guy
1993,39883,nice,guy
1996,11962,nice,guy
1973,11612,nice,guy
1988,34604,nice,men
1987,60797,nine-year-old,boy
1995,11359,nine-year-old,boy
1998,8838,nine-year-old,boy
1999,10386,nine-year-old,boy
2006,9920,nine-year-old,boy
2011,65229,non-conforming,child
1994,18919,nondescript,man
1985,16248,normal,boy
1998,22797,normal,boy
1992,2007,normal,child
2003,13778,normal,guy
2006,2016,north,men
1990,71805,norwegian,boy
2008,4922,not-so-ordinary,man
1982,10676,novelty-salesman,father
1976,28691,nurse,male
2007,48175,nurse,male
1998,12488,nut-case,father
2009,24238,obese,man
1990,36843,odd,man
2012,82679,oddball,brother
1973,154297,old,boy
1976,36892,old,boy
1977,36892,old,boy
1983,7269,old,boy
1985,7011,old,boy
1987,49964,old,boy
1987,57918,old,boy
1991,49410,old,boy
1999,745,old,boy
2001,39180,old,boy
2004,77710,old,boy
2005,4550,old,boy
2016,241258,old,boy
2018,475215,old,boy
2019,491480,old,boy
2006,7457,old,brother
1977,23312,old,father
1984,31401,old,father
1985,31401,old,father
1970,5620,old,man
1970,9554,old,man
1971,42500,old,man
1971,100468,old,man
1973,74817,old,man
1974,38152,old,man
1974,29268,old,man
1977,24032,old,man
1977,48227,old,man
1978,11537,old,man
1978,11537,old,man
1979,10322,old,man
1979,20813,old,man
1980,11680,old,man
1981,42150,old,man
1982,42136,old,man
1983,56784,old,man
1985,10372,old,man
1985,40451,old,man
1985,42048,old,man
1986,4480,old,man
1987,46767,old,man
1987,46975,old,man
1990,29514,old,man
1991,47432,old,man
1993,2149,old,man
1998,9445,old,man
1998,12488,old,man
1998,26813,old,man
2002,45699,old,man
2004,11036,old,man
2005,1963,old,man
2007,6639,old,man
2007,2014,old,man
2019,586592,old,man
2020,617708,old,man
1978,107008,old,men
1979,65066,old,men
1980,19664,old,men
1970,13041,old,son
2000,11119,old,son
2005,9981,old,son
2006,9388,old,son
2014,236751,old,son
1985,61991,old,boy
1977,11291,old,brother
1983,232,old,brother
1988,66105,old,brother
1995,20649,old,brother
1997,21334,old,brother
1998,14444,old,brother
2001,36093,old,brother
2003,2830,old,brother
2005,8274,old,brother
2005,14003,old,brother
2007,17483,old,brother
2010,40794,old,brother
2010,45094,old,brother
2011,59440,old,brother
2011,60307,old,brother
2013,247218,old,brother
2014,247218,old,brother
2016,376660,old,brother
2017,488623,old,brother
2018,425505,old,brother
1982,16235,old,child
1971,27236,old,man
1975,98025,old,man
1975,20017,old,man
1981,64252,old,man
1984,42090,old,man
1984,38980,old,man
1990,4587,old,man
2004,11036,old,man
2004,43561,old,man
2004,25126,old,man
2006,9022,old,man
2014,250235,old,man
2015,228205,old,man
2017,426238,old,men
1984,14347,old,man
1972,42489,old,son
1980,25628,one-armed,man
1998,9417,one-legged,man
2010,44945,online,boyfriend
2003,10727,only,child
2018,417812,only,child
1999,4951,only,guy
1977,10839,only,man
1981,67740,only,man
1985,10176,only,man
1988,38950,only,man
1996,11228,only,man
1996,20759,only,man
1997,38153,only,man
2000,25520,only,man
1970,148822,only,son
1977,54561,only,son
1977,37258,only,son
1999,99,only,son
2005,1947,only,son
2021,750253,only,son
1977,37258,opinionated,father
1970,150043,opportunistic,man
2011,72478,ordinary,boy
2021,615666,ordinary,boy
2001,11847,ordinary,guy
2012,76492,ordinary,guy
2018,505177,ordinary,guy
2020,457335,ordinary,guy
1985,34093,ordinary,man
1994,11395,ordinary,man
1996,9294,ordinary,man
2000,9741,ordinary,man
2012,81836,ordinary,man
1985,17663,orphan,boy
1974,64296,other,boy
1978,8128,other,boy
1980,42148,other,boy
1986,69469,other,boy
1995,28601,other,boy
1982,39274,other,brother
1984,32520,other,brother
1999,250,other,brother
2001,10646,other,guy
1978,15417,other,guy
1982,47245,other,guy
2018,383498,other,guy
1975,21459,other,man
1985,42033,other,man
2002,2251,other,man
2006,21427,other,man
2013,181886,other,man
1977,83061,other,men
1992,37265,other,men
2000,98,other,men
2010,44982,other,men
1980,16619,other,son
1986,52657,other,son
1991,36796,other,son
1992,36796,other,son
2015,297556,other,son
2019,458305,otherworldly,child
2021,458220,outcast,boy
2001,17708,outcast,son
1972,46567,outspoken,boy
2021,615457,overlooked,husband
1995,14819,overweight,boy
1987,34870,own,brother
1988,34870,own,brother
2005,14003,own,brother
2014,188207,own,brother
2019,565179,own,brother
2021,726429,own,brother
1978,102283,own,child
1992,13937,own,child
1970,3145,own,father
1976,75023,own,father
2014,209276,own,father
1991,53658,own,grandfather
1977,34743,own,husband
1978,34743,own,husband
2015,198184,own,man
1977,10839,own,men
1972,42487,own,son
1977,11940,own,son
1981,67740,own,son
1982,123201,own,son
1989,10160,own,son
1989,21291,own,son
2002,13536,own,son
2010,42949,own,son
2020,438396,own,son
1982,26730,pain-in-the-spurs,son
1996,145,paralytic,husband
1974,56383,paralyzed,grandfather
2003,277,peace-loving,male
2012,84165,peculiar,boyfriend
2005,1904,penniless,child
2011,59968,perennially,brother
2009,21634,perfect,boy
1996,10543,perfect,boyfriend
2004,13193,perfect,boyfriend
1991,53027,perfect,brother
1988,9493,perfect,child
1992,87321,perfect,child
1989,9494,perfect,father
2013,156711,perfect,gentleman
2016,366514,perfect,gentleman
2009,25704,perfect,guy
2021,823461,perfect,guy
1988,34604,perfect,man
2005,15648,perfect,man
1977,127745,persistent,man
1976,19971,persistent,son
1993,1049,pleasant,man
2008,8461,pleasant,men
1990,77672,pleasant,uncle
2007,22373,policeman,husband
1984,35574,polio-crippled,boy
1971,6619,polish,boy
1973,154297,polish,boy
1993,8092,polite,man
2012,142320,political,man
1975,220002,poor,boy
1977,22815,poor,boy
1979,372749,poor,boy
1981,64252,poor,boy
1986,32060,poor,boy
1986,307020,poor,guy
2000,40096,poor,guy
1975,220002,poor,man
1978,52281,poor,man
1979,159862,poor,man
1979,67180,poor,man
1980,159862,poor,man
1982,43571,poor,man
1983,43571,poor,man
1984,395902,poor,man
1985,395902,poor,man
1987,41903,poor,man
1995,48750,poor,man
2005,49367,poor,man
2011,49530,poor,man
1972,80841,poor,men
1973,80841,poor,men
1996,72116,popular,guy
2007,8669,popular,guy
2009,17927,popular,guy
1985,65142,popular,man
2000,4967,popular,men
1994,110,possessive,boyfriend
1994,10486,potential,boyfriend
1976,82114,powerful,man
2000,1619,powerful,man
1995,9087,powerful,men
1998,8583,powerful,men
2014,184315,powerful,son
1994,106143,precocious,child
1978,4267,precocious,son
1981,62204,pre-historic,man
2002,8094,premarital,child
1975,128410,preschool-age,boy
1976,128410,preschool-age,boy
2014,251519,pre-teen,son
1976,42234,previous,husband
1991,2125,prisoner,male
1977,28656,prisoner,male
1998,10668,privileged,men
1992,12518,promised,son
1975,116146,prostitute,child
1995,2021,proud,father
1974,234426,provincial,man
1972,74325,psychiatrist,boyfriend
1981,9725,psychologist,child
1992,13937,psychologist,child
1999,745,psychologist,child
1989,31583,psychotic,boyfriend
1970,185843,psychotic,man
1980,27346,psychotic,man
1987,71881,psychotic,man
1997,10234,psychotic,men
1988,29787,quadriplegic,man
1976,11482,quiet,man
1997,57976,quiet,man
2006,12526,quiet,man
1972,28650,racist,man
1972,31787,rag-and-bone,men
1973,52797,rag-and-bone,men
1970,98491,ragged,boy
2000,14295,rarely-seen,brother
1996,18975,real,boy
2019,413518,real,boy
1992,30963,real,dude
1970,148822,real,father
1983,10484,real,father
1983,81666,real,father
1987,14499,real,father
1995,42845,real,father
1997,12499,real,father
1997,12499,real,father
2005,65215,real,father
2006,1417,real,father
2015,274167,real,father
1972,54164,real,guy
2008,7446,real,guy
1980,38329,real,man
2003,587,real,man
1980,33670,real,men
2014,187017,real,men
2002,10751,real,son
2002,9685,rebellious,boy
2010,61979,rebellious,boy
2015,266647,rebellious,boy
1991,468,rebellious,son
1983,12921,recently-deceased,father
1999,2020,recently-deceased,grandfather
1977,14302,reclusive,father
1983,23587,regular,guy
2004,13073,regular,guy
2007,14396,regular,guy
2001,8386,regular,guy
2001,12149,religious,father
2002,7090,religious,father
1987,74747,religious,man
2007,13061,reluctant,brother
1982,46925,reluctant,stepfather
1990,29460,resentful,son
1978,107008,resourceful,boy
1990,46959,resourceful,child
1978,71298,respected,man
1985,31410,retarded,man
1984,57922,retired,man
1986,41263,rich,boy
2016,356305,rich,boyfriend
1985,19259,rich,father
1975,68626,rich,husband
1981,14412,rich,husband
1983,62981,rich,husband
1972,28650,rich,man
1974,50236,rich,man
1974,99438,rich,man
1976,63029,rich,man
1981,31679,rich,man
1981,41380,rich,man
1982,15739,rich,man
1982,43571,rich,man
1983,42442,rich,man
1983,43571,rich,man
1993,40508,rich,man
1995,11017,rich,man
1996,3595,rich,man
1997,38286,rich,man
2001,28308,rich,man
2004,1280,rich,man
2009,38542,rich,man
2010,41211,rich,man
1976,54613,rich,men
1978,29530,rich,men
1987,19345,rich,men
1990,10837,rich,uncle
1975,56539,richest,man
1970,123961,richest,men
1973,116445,richest,men
1994,10694,richest,men
2011,61667,right,man
1975,44697,right-hand,man
2011,77561,robot,child
1994,161285,roguish,male
2006,34588,rough,man
1983,10484,runaway,son
2003,11190,russian,boy
1997,9444,russian,men
2015,250124,s,boyfriend
2019,531503,s,brother
1991,47090,s,husband
1992,49956,sad,boy
1972,71138,sadistic,male
2011,62630,sadistic,son
2003,11197,sadistic,stepfather
1998,28638,salary,man
1988,2280,same,boy
2006,9293,same,guy
2006,9293,same,guy
2015,306952,same,guy
2017,339404,same,guy
2010,26389,same,guy
1978,40132,same,man
1987,19345,same,man
1987,20242,same,man
2012,79548,same,man
2012,54054,same,man
2002,9685,sarcastic,boy
1988,380,savant,brother
2020,635302,scared,boy
2006,9022,scary,man
2002,9685,schizophrenic,father
1972,30892,schizophrenic,son
1998,19381,school,boys
1994,6280,scientist,male
2015,223485,scottish,boy
1972,12116,second,child
1974,28153,second,child
1975,47239,second,child
1970,74071,second,husband
1985,42018,second,son
1986,42018,second,son
2020,640923,second,son
2005,15648,second-rate,guy
2008,14400,secret,son
1995,48781,seductive,man
1971,27459,self-assured,man
2016,340677,self-made,man
2015,277558,senior,boy
1984,91767,sensitive,son
1977,37258,seventeen-year-old,boy
2014,68737,seventh,son
2014,68737,seventh,son
2002,33251,seven-year-old,boy
2010,49009,several,men
2005,6957,sex-obsessed,male
1984,50215,sexy,man
2000,1619,shady,man
2001,9889,shallow,man
1977,26932,ship-wrecked,man
1991,47620,shoots,boy
1971,11945,short-tempered,father
2006,9310,showtunes-loving,man
2000,17908,shy,boy
1982,47245,shy,guy
1995,12665,shy,man
1978,18735,sick,brother
1974,5558,sick,father
1989,51108,sick,husband
1997,2898,sick,son
2011,1771,sickly,man
1974,127091,simple,man
1990,41930,simple,man
1992,10163,simple,man
1992,39883,simple,man
1993,39883,simple,man
2005,49367,simple,man
1974,234426,sincere,man
1983,10269,single,father
1994,8986,single,father
2005,9947,single,father
2013,156700,single,father
2020,716258,single,father
1974,32044,single,guy
2001,10646,single,guy
2006,19955,single,guy
1998,10029,single,man
2011,49520,single,man
2017,400928,single,man
1985,59388,sixteen,men
2012,121875,sixteen-year-old,boy
2020,442065,sixty,men
2020,588009,six-year-old,boy
1989,60014,six-year-old,son
2017,346671,six-year-old,son
1998,56195,skateboarding,son
1971,29069,sleepy-eyed,guy
2005,16608,slow,brother
1996,13997,slow-witted,brother
2004,12086,slum-raised,son
1974,37627,small,boy
1997,9311,small,boy
1997,27103,small,boy
2021,785534,small,boy
1973,96049,small,child
1978,49695,small,child
1979,49695,small,child
2000,8871,small,child
2018,491418,small,child
1998,20546,small,son
1983,21500,small-town,boy
2009,17336,small-town,boy
1993,1587,small-town,man
2007,5126,socially-rejected,boy
1977,46853,solitary,boy
2015,279690,solitary,man
2019,491283,soon-to-be,husband
2006,13205,spirited,son
1997,17139,spiteful,father
1976,56648,spoiled,boy
1977,37258,stable,boy
2000,10473,stable,boy
2019,543540,stand-in,boyfriend
2019,512263,star,child
1973,7857,stern,father
1996,33660,stern,father
1989,27461,stern,man
1986,33516,stillborn,child
2006,53486,stingy,man
2000,1831,straight,man
2014,262551,straight,man
2003,51163,strange,male
1977,103578,strange,man
1982,37935,strange,man
1987,46975,strange,man
1992,10206,strange,man
1999,25752,strange,man
1971,98050,strange,men
1993,20859,strict,father
2017,397422,stripper,male
1994,34152,stubborn,husband
2012,80035,suburban,guy
2016,390584,suburban,man
1997,20992,successful,brother
2010,34803,successful,brother
2017,488623,successful,brother
1991,1713,successful,man
2016,296096,successful,man
1987,28327,successful,men
1985,52212,suitable,husband
2004,24653,sullen,man
2018,511785,super,dude
2021,727293,supportive,father
1973,84847,surrogate,father
1973,32615,suspected,child
1985,31410,suspicious,man
1977,46853,sweet,child
1993,9261,taiwanese-american,man
2021,600583,teen,son
1985,10014,teenage,boy
1978,10580,teenage,boy
1997,37244,teen-age,son
1979,69567,teenaged,boy
1997,30020,tehranian,man
1982,69870,telepathic,man
1998,32911,ten-year-old,boy
1974,33801,third,child
1979,74037,third,son
1979,117483,thirtyish,man
2011,76025,thirty-something,man
1987,51521,thug,boyfriend
1984,11002,tiny,boy
1978,16214,top,men
1990,39062,tough,father
1972,11610,tough,guy
1973,78076,tough,guy
1985,23614,tough,guy
1992,619,tough,guy
2021,848278,trophy,male
2006,11798,troubled,boy
2011,64685,troubled,boy
2002,18602,troubled,boyfriend
1975,82135,troubled,husband
1976,12584,troubled,man
1990,20481,troubled,man
1991,10333,troubled,man
2001,14782,troubled,man
2021,763148,troubled,man
1991,177,troubled,men
1976,92298,troubled,son
2012,98548,troubled,son
1981,70927,troublesome,father
1978,15417,truck-driving,guy
2019,398978,trusted,man
1983,9346,trustworthy,son
2003,12,turtles,dude
2017,406994,twelve-year-old,boy
1979,37997,twenty-something,boy
1980,37997,twenty-something,boy
1973,3133,twenty-something,boyfriend
2000,1837,two-year-old,son
1982,25872,typical,boy
1997,38286,tyrannical,man
2006,1417,tyrannical,stepfather
1980,48961,ugly,man
1977,37258,unassuming,boy
1984,12309,unassuming,guy
1989,10160,unborn,child
1994,21029,unborn,child
2004,393,unborn,child
2007,7326,unborn,child
2018,429417,unborn,child
1984,218,unborn,son
2012,112198,unborn,son
2012,46429,unborn,son
1977,46853,unconfident,child
1976,31402,uneducated,male
1977,31402,uneducated,male
1995,12652,unemployed,husband
2001,56899,unemployed,man
1977,11689,unemployed,men
2000,21614,unemployed,men
2012,89899,unfaithful,male
1978,39555,unfeeling,man
1989,164020,unfortunate,men
1984,8221,ungrateful,husband
1999,41245,unhappy,man
2000,41245,unhappy,man
2014,152790,unhappy,man
1979,163060,unknowing,man
1991,16820,unknown,man
2011,45612,unknown,man
2012,89691,unknown,man
2021,523936,unknown,man
2010,20352,unlikable,guy
2002,20009,unlikely,dude
1980,48961,unlucky,man
2001,10646,unmarried,man
1976,42239,unnamed,man
1995,46725,unqualified,child
1998,42674,unreliable,brother
1998,56195,unruly,son
2014,251519,unruly,son
2006,13275,un-supportive,father
2014,97370,unsuspecting,men
1971,98050,unusual,men
2011,59968,upbeat,brother
1972,31591,upright,man
2000,16987,upright,man
2006,1247,upright,man
1987,4043,uptight,man
2002,33251,urban,boy
2006,13275,utterly,father
1975,42258,various,men
2000,22705,venetian,boyfriend
1998,8583,venetian,men
1980,119617,veterinarian,husband
1998,6435,vicious,boyfriend
1991,10750,vicious,son
1974,42453,victorian,gentleman
1979,41554,violent,man
2021,643532,vulnerable,man
1975,91873,waiter,male
1975,4762,wanted,man
1991,42001,warrior,boy
2010,10191,warrior,father
2013,47964,wayward,son
1986,21867,weak,son
1970,8416,weak-willed,man
2018,467938,wealthy,boyfriend
1990,25501,wealthy,child
1970,4266,wealthy,father
1982,16407,wealthy,father
1991,31696,wealthy,father
2012,134597,wealthy,father
2017,419835,wealthy,grandfather
1974,3479,wealthy,husband
1975,3479,wealthy,husband
1975,44132,wealthy,man
1976,63029,wealthy,man
1978,71298,wealthy,man
1979,159862,wealthy,man
1980,159862,wealthy,man
1985,45408,wealthy,man
1999,1090,wealthy,man
2000,44853,wealthy,man
2009,21474,wealthy,man
2015,238615,wealthy,man
2020,689723,wealthy,man
1973,84658,wealthy,uncle
1994,12778,wealthy,uncle
2013,122081,weird,dude
2001,20536,which,man
1995,8512,white,man
2001,1365,white,man
1975,143516,white,men
1975,143516,white,men
1994,43643,white,men
1996,1645,white,men
1985,36073,white-faced,man
1971,32032,wicked,uncle
2016,329981,widowed,child
1994,43535,wild,boy
1994,14425,wild,man
2001,441,wild,man
1984,4274,willful,man
2004,6947,willful,man
2001,10833,willing,men
1981,32480,women-loving,man
1975,20899,wooden,boy
1976,40829,wooden,men
2018,518452,workaholic,father
1978,39555,would-be,man
1987,39895,wounded,man
2013,238628,wounded,man
2010,61404,wrong,guy
2018,498249,wrong,guy
1998,1389,wrong,guy
1972,573,wrong,man
1972,61462,wrong,man
1985,21627,wrong,man
1984,24749,year-old,man
1995,11017,year-old,son
1970,44510,young,boy
1970,28476,young,boy
1971,74689,young,boy
1971,74689,young,boy
1973,22029,young,boy
1974,26514,young,boy
1974,34052,young,boy
1974,164990,young,boy
1974,30576,young,boy
1975,95380,young,boy
1975,28489,young,boy
1976,95380,young,boy
1979,9638,young,boy
1979,20813,young,boy
1979,82430,young,boy
1980,5689,young,boy
1980,10889,young,boy
1980,70358,young,boy
1981,20472,young,boy
1982,601,young,boy
1982,13396,young,boy
1982,22501,young,boy
1983,850,young,boy
1983,73218,young,boy
1983,28445,young,boy
1983,82820,young,boy
1984,34584,young,boy
1984,16852,young,boy
1985,103590,young,boy
1986,10515,young,boy
1986,17994,young,boy
1986,2753,young,boy
1988,2280,young,boy
1988,20196,young,boy
1988,32075,young,boy
1988,95114,young,boy
1989,15138,young,boy
1989,27607,young,boy
1989,32075,young,boy
1989,49769,young,boy
1990,11186,young,boy
1990,10166,young,boy
1990,21168,young,boy
1990,71805,young,boy
1990,77672,young,boy
1990,37403,young,boy
1991,70984,young,boy
1991,42001,young,boy
1993,858,young,boy
1993,9272,young,boy
1993,57250,young,boy
1993,79500,young,boy
1994,27793,young,boy
1995,45325,young,boy
1995,41841,young,boy
1996,19042,young,boy
1996,3587,young,boy
1997,13664,young,boy
1998,666,young,boy
1999,10368,young,boy
2000,19576,young,boy
2001,12600,young,boy
2002,29339,young,boy
2003,113,young,boy
2003,1611,young,boy
2003,9976,young,boy
2004,5255,young,boy
2004,10740,young,boy
2005,118,young,boy
2005,9335,young,boy
2005,20941,young,boy
2005,15907,young,boy
2007,1268,young,boy
2007,6589,young,boy
2007,14397,young,boy
2008,16353,young,boy
2008,13688,young,boy
2009,25132,young,boy
2010,41402,young,boy
2010,44835,young,boy
2011,64685,young,boy
2011,92321,young,boy
2011,63831,young,boy
2012,83564,young,boy
2012,116979,young,boy
2013,49521,young,boy
2014,227156,young,boy
2014,82703,young,boy
2014,239563,young,boy
2016,329981,young,boy
2017,410554,young,boy
2017,301372,young,boy
2018,425505,young,boy
2018,442064,young,boy
2020,571384,young,boy
2020,489326,young,boy
2021,423108,young,boy
2021,578701,young,boy
2021,777270,young,boy
2021,615666,young,boy
2016,356305,young,boyfriend
1972,15573,young,boy
1974,104251,young,boy
1974,187870,young,boy
1976,11512,young,boy
1983,24808,young,boy
1986,17048,young,boy
1992,51806,young,boy
1993,27224,young,boy
1994,8986,young,boy
1998,32302,young,boy
2002,13830,young,boy
2005,6795,young,boy
2005,10707,young,boy
2019,521777,young,boy
1984,92989,young,brother
1999,18212,young,brother
1972,10238,young,child
1973,121960,young,child
1982,9387,young,child
1990,48581,young,child
1991,48581,young,child
1998,32531,young,child
2009,22825,young,child
2016,325133,young,child
2018,346910,young,child
1994,18670,young,father
2006,9842,young,guy
2014,246403,young,guy
2017,427900,young,guy
2011,64720,young,husband
1971,42497,young,male
1970,35002,young,man
1970,42595,young,man
1970,115018,young,man
1970,104452,young,man
1970,104452,young,man
1970,22480,young,man
1970,152846,young,man
1970,47459,young,man
1970,122268,young,man
1970,150043,young,man
1970,185843,young,man
1971,55847,young,man
1972,54164,young,man
1972,5485,young,man
1972,31591,young,man
1972,29336,young,man
1972,44618,young,man
1972,4792,young,man
1973,45698,young,man
1973,52849,young,man
1973,220638,young,man
1973,220638,young,man
1974,55368,young,man
1974,77765,young,man
1974,234426,young,man
1975,55343,young,man
1975,63026,young,man
1975,208309,young,man
1976,93655,young,man
1977,10670,young,man
1977,81462,young,man
1977,103578,young,man
1977,127745,young,man
1978,11230,young,man
1978,49096,young,man
1978,52281,young,man
1978,49695,young,man
1978,49695,young,man
1978,71298,young,man
1978,114096,young,man
1979,583,young,man
1979,49695,young,man
1979,49695,young,man
1979,126986,young,man
1979,39863,young,man
1979,117483,young,man
1980,16395,young,man
1980,37767,young,man
1980,31278,young,man
1980,31278,young,man
1980,126986,young,man
1980,57082,young,man
1981,49934,young,man
1981,76821,young,man
1981,39918,young,man
1982,2623,young,man
1982,27813,young,man
1983,58833,young,man
1983,58833,young,man
1983,57978,young,man
1983,27232,young,man
1983,2304,young,man
1984,35574,young,man
1984,148034,young,man
1984,42084,young,man
1985,793,young,man
1985,18498,young,man
1985,13938,young,man
1985,31410,young,man
1985,147747,young,man
1986,793,young,man
1986,70966,young,man
1986,71329,young,man
1986,85654,young,man
1987,26371,young,man
1987,4043,young,man
1987,20043,young,man
1987,46767,young,man
1987,71329,young,man
1987,71881,young,man
1987,67307,young,man
1989,19236,young,man
1989,31863,young,man
1989,21799,young,man
1989,74646,young,man
1990,20481,young,man
1990,30017,young,man
1990,39195,young,man
1990,42070,young,man
1990,108521,young,man
1991,892,young,man
1991,892,young,man
1991,9079,young,man
1991,41804,young,man
1991,43654,young,man
1991,41782,young,man
1992,11259,young,man
1992,343693,young,man
1992,17736,young,man
1993,1587,young,man
1993,37233,young,man
1993,44435,young,man
1993,19657,young,man
1993,162503,young,man
1994,11777,young,man
1994,13701,young,man
1994,24767,young,man
1994,16297,young,man
1995,12665,young,man
1995,9061,young,man
1995,48781,young,man
1995,37141,young,man
1995,42845,young,man
1995,16934,young,man
1996,31146,young,man
1997,19601,young,man
1997,49478,young,man
1997,54291,young,man
1998,10674,young,man
1998,10220,young,man
1998,9410,young,man
1998,11855,young,man
1998,26618,young,man
1999,1213,young,man
2000,55,young,man
2000,711,young,man
2000,7450,young,man
2000,1698,young,man
2000,16987,young,man
2001,1791,young,man
2001,9081,young,man
2001,2057,young,man
2001,9683,young,man
2001,20857,young,man
2001,56899,young,man
2001,20309,young,man
2001,12484,young,man
2001,14782,young,man
2001,36093,young,man
2002,1430,young,man
2002,13435,young,man
2002,35265,young,man
2002,31005,young,man
2002,26955,young,man
2002,13098,young,man
2002,8439,young,man
2003,2830,young,man
2003,13573,young,man
2003,11297,young,man
2003,34196,young,man
2004,1954,young,man
2004,6947,young,man
2004,9759,young,man
2004,1280,young,man
2004,11171,young,man
2004,1944,young,man
2005,3933,young,man
2005,340,young,man
2005,14003,young,man
2005,7515,young,man
2005,6077,young,man
2006,10025,young,man
2006,1247,young,man
2006,1116,young,man
2006,5172,young,man
2006,9310,young,man
2007,2270,young,man
2007,13257,young,man
2007,13968,young,man
2008,217,young,man
2008,18533,young,man
2008,16353,young,man
2008,16353,young,man
2009,19912,young,man
2009,19556,young,man
2010,44982,young,man
2010,56014,young,man
2011,77338,young,man
2011,49530,young,man
2011,57212,young,man
2011,59965,young,man
2011,38117,young,man
2011,53319,young,man
2011,73567,young,man
2012,58244,young,man
2012,81836,young,man
2012,113082,young,man
2013,49521,young,man
2013,81005,young,man
2013,149509,young,man
2014,228326,young,man
2014,241848,young,man
2014,184352,young,man
2014,277547,young,man
2014,241855,young,man
2014,250538,young,man
2015,296098,young,man
2015,238615,young,man
2016,376867,young,man
2016,339397,young,man
2016,381356,young,man
2016,378018,young,man
2017,166426,young,man
2017,351460,young,man
2017,365942,young,man
2017,339877,young,man
2017,399366,young,man
2017,428399,young,man
2018,491584,young,man
2018,475215,young,man
2018,347866,young,man
2019,463257,young,man
2019,586940,young,man
2020,721625,young,man
2020,526007,young,man
2020,590854,young,man
2020,438396,young,man
2021,438631,young,man
2021,643532,young,man
2021,763148,young,man
2021,667257,young,man
1973,127946,young,men
1975,85927,young,men
1975,95375,young,men
1978,2813,young,men
1978,27521,young,men
1980,40072,young,men
1982,13776,young,men
1984,11296,young,men
1985,4180,young,men
1989,164020,young,men
1991,29475,young,men
1992,11287,young,men
1993,117553,young,men
1997,10234,young,men
1997,158,young,men
1997,73057,young,men
1998,10668,young,men
2000,10637,young,men
2000,4967,young,men
2000,10687,young,men
2000,22597,young,men
2001,13503,young,men
2002,11892,young,men
2006,9954,young,men
2008,8461,young,men
2011,49538,young,men
2013,156700,young,men
2014,225565,young,men
2014,200505,young,men
2014,198185,young,men
2015,277216,young,men
2016,308266,young,men
2016,296360,young,men
2018,489931,young,men
2018,499726,young,men
2021,597890,young,men
1971,40350,young,son
1976,92298,young,son
1976,65935,young,son
1977,5481,young,son
1979,12102,young,son
1979,56503,young,son
1979,123817,young,son
1980,79785,young,son
1981,28794,young,son
1982,72574,young,son
1983,47944,young,son
1985,42018,young,son
1986,42018,young,son
1987,32076,young,son
1989,118662,young,son
1990,951,young,son
1990,29460,young,son
1994,11395,young,son
1994,2778,young,son
1995,51191,young,son
1998,11702,young,son
2001,9290,young,son
2001,48941,young,son
2002,7303,young,son
2002,8869,young,son
2002,10955,young,son
2006,13205,young,son
2006,1441,young,son
2008,13090,young,son
2009,10024,young,son
2009,25196,young,son
2010,27585,young,son
2011,64690,young,son
2012,97365,young,son
2014,85350,young,son
2015,264644,young,son
2015,290637,young,son
2016,293452,young,son
2019,440472,young,son
2019,532671,young,son
2019,484437,young,son
2020,524047,young,son
2020,555974,young,son
2020,726208,young,son
2021,379686,young,son
2021,634528,young,son
2021,749274,young,son
2011,55347,young,boyfriend
1974,87884,young,brother
1981,48773,young,brother
1985,24742,young,brother
1987,2039,young,brother
1989,183,young,brother
1992,20763,young,brother
1992,20763,young,brother
1993,1587,young,brother
1995,25749,young,brother
1995,25749,young,brother
1996,755,young,brother
1996,13997,young,brother
1997,2649,young,brother
1998,46761,young,brother
2000,14295,young,brother
2001,10757,young,brother
2001,13166,young,brother
2001,36093,young,brother
2003,8046,young,brother
2003,18113,young,brother
2007,9966,young,brother
2009,15189,young,brother
2010,34803,young,brother
2010,60556,young,brother
2012,82390,young,brother
2017,382614,young,brother
2017,336000,young,brother
2019,571495,young,brother
1971,45938,young,man
1974,42454,young,man
2005,11344,young,man
2007,15019,young,man
2015,241251,young,man
1974,42451,young,son
1976,157570,young,son
2008,25050,young,son
1979,40611,young,brother
1992,60145,young,brother
1972,238,young,son
1976,323444,young,son
2000,34070,young,son
2005,32390,young,son
2010,40794,young,son
2011,59440,young,son
1991,20096,TRUE,man
2013,177945,TRUE,son
